image_name,Captions,Question,Answer,Category,Captions_en,Question_en,Answer_en
chitron_6616.png,'একটি লোহার সেতুর নীচ দিয়ে একটি নৌকায় কয়েকজন মানুষ যাচ্ছেন।,ছবিতে নৌকায় কতজন মানুষ রয়েছে?,পাঁচ,Number,Some people are going in a boat under an iron bridge,How many people are in the boat?,five
chitron_476.png,'মানুষ ভর্তি কিছু লঞ্চ নদী দিয়ে ভাসে আসছে।,ছবিতে কয়টি লঞ্চ দেখা যাচ্ছে?,চার,Number,Some launches full of people are floating in the river,How many launches are shown in the picture?,four
chitron_5515.png,'গাছের সারির মাঝে জামা কাপড় পরে দাড়িয়ে আছেন একজন মেয়ে যার চুল লম্বা।,গাছের সারির মাঝে দাঁড়িয়ে আছেন কত জন মেয়ে?,এক,Number,In the middle of the tree line there is a girl wearing clothes with long hair,How many women are standing in the rows of trees?,one
chitron_830.png,'৫ টি মেয়ে ও ১ টি ছেলে মেঝেতে বসে ছবি আঁকছে।,চিত্রে কতজন মেয়ে ছবি আঁকতে দেখা যাচ্ছে?,পাঁচ,Number,Five girls and one boy sitting on the floor drawing pictures,How many girls are shown in the picture?,five
bnature_1966.jpg,"রাস্তায় পানি আছে। অনেকগুলো গাড়ি আছে। রাস্তার পাশে অনেকগুলো ভবন আছে।,
 ব্যস্ত শহর।,
 চিরচেনা নগর জীবন।",ছবিতে প্রদর্শিত শহর কতটা ব্যস্ত?,অত্যন্ত ব্যস্ত,Misc,"There are water on the streets, there are many cars, there are many buildings on the sides of the streets, busy cities, familiar city life",How busy is the city shown in the picture?,busy
bnature_1388.jpg,"এক জন মা তার বাচ্চার সাথে শুয়ে আছে এবং একজন মহিলা উপর হয়ে বাচ্চাকে নিতে চাচ্ছে।,
 দুইজন নারী ও একটি নবজাতক শিশু আছে।,
 দুইজন নারী ও একটি নবজাতক শিশু শুয়ে আছে।",ছবিটিতে কয়জন মানুষ দেখা যাচ্ছে?,তিন,Number,"A mother lying with her baby and a woman trying to take the baby up, two women and a newborn baby, two women and a newborn baby lying down",How many people are in the picture?,three
chitron_5384.png,'কয়েকজন লোক দাড়িয়ে তাকিয়ে আছে।,চিত্রে কতজন লোক দেখা যাচ্ছে?,সাত,Number,Some people are standing there looking,How many people are in the picture?,seven
bnature_998.jpg,"১ জন মহিলা ২ জন পুরুষ হাতে ফুল নিয়ে একজন পুরুষকে অভিনন্দন জানাচ্ছে যার পিছনে দাড়িয়ে আছে ৪ জন পুরুষ ২ জন মহিলা।,
 আটজন পুরুষ ও তিনজন নারী দাড়িয়ে আছে।,
 একজন লোককে কিছু নারী পুরুষ মিলে ফুল দিয়ে শুভেচ্ছা জানাচ্ছে।",এই ছবিতে মোট কতজন ব্যক্তি দাঁড়িয়ে আছে?,এগারো,Number,"1 woman 2 men congratulate a man with flowers in hand, 4 men 2 women, eight men and three women standing behind him",How many people are standing in this picture?,eleven
bornon_1986.jpg,"কতগুলো সাদা ও কালো খরগোস আছে ।,
 কতগুলো খরগোস আছে ।,
 কতগুলো খরগোস খাবার খাচ্ছে ।",ছবিটিতে কতগুলো খরগোস খাবার খাচ্ছে?,পাঁচ,Number,"There are white and black rabbits, there are rabbits, there are rabbits eating",How many turtles are eating in the picture?,five
chitron_272.png,ক্ষেতের ভিতর চারজন মানুষ বসে কাজ করছে। একজন মানুষ দাড়িয়ে আছে। দূর দিয়ে দুইজন মানুষ হেঁটে যাচ্ছে। একটি গরুর গাড়ি দেখা যাচ্ছে।,ছবিতে কতজন মানুষ মাঠে কাজ করছে?,চার,Number,"Four men working in the fields, one man standing, two men walking in the distance",How many people are working in the field?,four
chitron_5243.png,'ঢাকা কলেজে কতগুলো মেয়েরা শহীদ মিনার বানাচ্ছে।,ছবিতে কতজন মেয়ে শহীদ মিনার নির্মাণে অংশ নিচ্ছে?,পাঁচ,Number,Some girls in Dhaka College are building the Shaheed Minar,How many girls are taking part in building the Shaheed Minar?,five
bnature_1612.jpg,"চার জন ছোট বাচ্চা একই রঙের কাপড় পরে একটি পার্কেত লোহার পাইপ ধরে পাশাপাশী দাড়িয়ে আছে।,
 চারটি মেয়ে শিশু দাড়িয়ে আছে।,
 চার জন ছোট বাচ্চা একই রঙের কাপড় পরে একটি পার্কেত পাশাপাশী দাড়িয়ে আছে।",এই ছবিতে কতজন মেয়ে শিশু দাড়িয়ে আছে?,চার,Number,Four small children wearing the same colours standing side by side with a parquet iron pipe. Four girls standing side by side with a parquet,How many girls are standing in this picture?,four
chitron_4582.png,ঝর্ণার পানিতে কয়েকজন পুরুষ গোছল করছে।,ছবিতে মোট কতজন পুরুষ রয়েছেন?,পাঁচ,Number,Some men bathing in the water of the fountain,How many men are in the picture?,five
bnature_1075.jpg,"মুদি দোকানের বেঞ্চে পরষ্পর বীপরিত দিকে বসে আছে দুজন নারী,দুরে দেয়ালের সাথে ঘেষিয়ে খাট রাখা।,
 দুইজন নারী ও একজন পুরুষ আছে।,
 ৩ জন মানুষ, যাদের একজন মুদি দোকানি, দুজন নারী, একজন নারীর পেছনে মিনারেল ওয়াটার।",ছবিতে মুদি দোকানে কতজন মানুষ দৃশ্যমান?,তিন,Number,"Two women sitting opposite to each other on grocery benches, two women and a man, three men, one grocery shopkeeper, two women, one woman behind a woman, mineral water",How many people are visible in the grocery store?,three
bornon_3544.jpg,"জঙ্গলঘেরা পাহাড়ি এলাকায় নদীর তীরে তিনটি নৌকা বাঁধা আছে ।,
 তিনটি নৌকার ছবি দেখা যাচ্ছে ।,
 পাহাড়ি এলাকায় নদীর তীরে তিনটি নৌকা বাঁধা আছে ।",ছবিতে কতগুলি নৌকা দেখা যাচ্ছে?,তিন,Number,"Three boats are tied on the bank of the river in the forested hills, three boats can be seen. Three boats are tied on the bank of the river in the hills",How many boats are shown in the picture?,three
chitron_7875.png,'২ জন ছোট ছেলে একজন বসে আছে বস্তার উপরে একজন তাকিয়ে বিড়ি টানছেন।,ছবিতে কতজন ছেলে দেখা যাচ্ছে?,দুই,Number,"Two little boys sitting, one sitting on a sack, one smoking a cigarette",How many boys are in the picture?,Two
bornon_531.jpg,"রাস্তার উপরে মেঘলা আকাশ দেখা যাচ্ছে ।,
 একটি রাস্তার ছবি দেখা যাচ্ছে ।,
 রাস্তায় দুটি বাইক দেখা যাচ্ছে ।",ছবির রাস্তায় কতগুলি বাইক দেখা যাচ্ছে?,দুই,Number,"A cloudy sky over the street, a picture of a street, two bikes on the street",How many bikes are seen on the road in the picture?,Two
chitron_4001.png,'তিনজন বন্ধু দাড়িয়ে হাসতেছে ও তাদের হাতে ক্যামেরা।,ছবিতে কয়জন বন্ধু দেখা যাচ্ছে?,তিন,Number,Three friends are standing and laughing with cameras,How many friends are in the picture?,three
bnature_1884.jpg,"কয়েকজন পুরুষ হাসিমুখে হাতে চা নিয়ে দাঁড়িয়ে আছে।,
 কয়েকজন পুরুষ দাঁড়িয়ে আছে।,
 কয়েকজন পুরুষ হাসিমুখে দাঁড়িয়ে আছে।",ছবিতে কয়জন পুরুষ হাতে চা নিয়ে দাঁড়িয়ে আছে?,এক,Number,"Some men standing with tea in their hands, some men standing smiling, some men standing smiling",How many men in the picture are standing with tea in their hands?,one
bnature_2154.jpg,"একজন পুরুষ পানিতে জাল ফেলছেন এবং পাশে একজন ছোট ছেলে দাঁড়িয়ে আছে।,
 ঝাকিজাল ফেকা অবস্থার চিত্র।,
 একজন পুরুষ পানিতে জাল ফেলছে। একটি শিশু আছে।",ছবিতে কয়জন ব্যক্তি দেখা যাচ্ছে?,দুই,Number,A man drawing nets in the water and a little boy standing next to it. Picture of a drawing nets in the water. A man drawing nets in the water. A child,How many people are in the picture?,Two
bornon_1669.jpg,"আশেপাশে গাছপালা দেখা যাচ্ছে ।,
 তিনটি ছাগল আছে ।,
 আকাশ দেখা যাচ্ছে ।",ছবিতে মোট কতগুলি ছাগল দেখা যাচ্ছে?,তিন,Number,"There are trees around, three goats, the sky is visible",How many goats are in the picture?,three
bornon_513.jpg,"কাপের পাশে দুটি চিনির প্যাকেট দেখা যাচ্ছে ।,
 একটি কফিকাপের ছবি দেখা যাচ্ছে ।,
 কাপের পাশে একটি চামচ দেখা যাচ্ছে ।",কফিকাপটির পাশে কতগুলি চিনির প্যাকেট আছে?,দুই,Number,"Two sugar packets on the side of the cup, a picture of a coffee cup, a spoon on the side of the cup",How many sugar packets are next to the coffee cup?,Two
bnature_40.jpg,"পুকুরের পাড়ে সবুজ গাছপালা ও দুইটা নৌকা।,
 পুকুরের পাড়ে গাছপালা ও নৌকা।,
 সবুজ গাছপালা ও পুকুরের পাড়ে দুইটা নৌকা।",পুকুরের পাড়ে কতগুলো নৌকা আছে?,দুই,Number,"Green vegetation and two boats on the bank of the pond, Green vegetation and boats on the bank, Green vegetation and two boats on the bank of the pond",How many boats are on the bank of the pond?,Two
chitron_901.png,'গাছ পালার মাঝে রাস্তা দিয়ে  ২ জন মানুষ হেঁটে যাচ্ছে।,ছবিতে কয়জন মানুষ হেঁটে যাচ্ছে?,দুই,Number,Two men walking on the road between trees,How many people are walking in the picture?,Two
bornon_4077.jpg,"টেবিলের উপর একটি সাদা রঙের ট্রে রয়েছে ।,
 দুইটি সসের প্যাকেট আছে ।,
 ট্রের মধ্যে দুই পিচ স্যান্ডউইচ রয়েছে ।",ট্রেতে কতগুলো স্যান্ডউইচ রয়েছে?,দুই,Number,There is a white tray on the table. There are two sauces packets. There are two pitched sandwiches in the tray,How many sandwiches are in the tray?,Two
chitron_4520.png,সামনে তিনজন পুরুষ বসে আছে। পিছনে সাতজন পুরুষ দাড়িয়ে আছে।,ছবিতে মোট কতজন পুরুষ রয়েছেন?,দশ,Number,Three men sat in front and seven men stood behind,How many men are in the picture?,ten
chitron_426.png,'২ জন বাচ্চা ও একজন বড় মানুষ হেঁটে নদীর দিকে যাচ্ছে আর নদীতে একটি নৌকা চলছে।,ছবিতে মোট কতজন মানুষ নদীর দিকে যাচ্ছে?,তিন,Number,Two children and a big man are walking towards the river and a boat is riding in the river,How many people are going towards the river in the picture?,three
chitron_3175.png,'রাতের বেলা মাছের বাজার বসে আছে ৩ জন পুরুষ এবং দাড়িয়ে দেখছে ৩ জন পুরুষ যার মাঝে ২ টি লাইট জ্বলছে।,ছবিতে কতগুলো লাইট জ্বলছে?,দুই,Number,"In the night, there are 3 men sitting at the fish market and watching 3 men standing in the middle of them with two lights burning",How many lights are on the picture?,Two
bornon_804.jpg,"পাহাড়ের সমন্বয়ে গড়ে উঠা একটি সুন্দর সাদা বাড়ি দেখা যাচ্ছে ।,
 দুইটি বিমান দেখা যাচ্ছে ।,
 একটি বিমান বন্দর দেখা যাচ্ছে ।",ছবিতে কয়টি বিমান দেখা যাচ্ছে?,দুই,Number,"A beautiful white house in the middle of a hill, two aircraft, an airport",How many aircraft are in the picture?,Two
bornon_4002.jpg,"প্লেটের মধ্যে অনেক খাবার রয়েছে ।,
 প্লেটের পাশে জুস্ আছে ।,
 টেবিলের উপর দুইটি প্লেট আছে ।",টেবিলে কতগুলি প্লেট রয়েছে?,দুই,Number,"There's a lot of food in a plate, there's juice next to the plate, there's two plates on the table",How many plates are on the table?,Two
chitron_1571.png,'রাস্তার পাশ দিয়ে ২ টি ব্যাগ নিয়ে হেটে যাচ্ছে একজন পুরুষ এবং রাস্তার উপরে ঘুমাচ্ছে একজন ভিক্ষুক।,ছবিতে পুরুষটি কয়টি ব্যাগ নিয়ে হাঁটছে?,দুই,Number,A man walking by the road with two bags and a beggar sleeping on the road,How many bags is the man walking in the picture?,Two
chitron_6151.png,'টতিন জন পুরুষ দাড়িয়ে হাসছেন যাদের পিছনে একটি বাড়ি।,ছবিটিতে কত জন ব্যক্তি রয়েছে?,এক,Number,Three men standing smiling behind them a house,How many people are in the picture?,one
chitron_6662.png,'একটি দালানের এই পাড়ে ২ জন পুরুষ  এবং অইপারে কিছু মানুষ কাজ করছেন।,দালানের এই পাড়ে কয়জন পুরুষ দেখা যাচ্ছে?,দুই,Number,Two men working on this side of a building and some people working on the other side,How many men are there on this side of the building?,Two
chitron_587.png,"একজন পুরুষ, একটি শিশু, একজন বালিকা ও একজন নারী পাশাপাশি বসে আছে।",এই চিত্রে পরিবারের কতজন সদস্য বেঞ্চে বসে আছেন?,চার,Number,"A man, a child, a girl and a woman sat side by side",How many family members are sitting on the bench in this picture?,four
chitron_3751.png,'৪জন কৃষক বসে ভাত খাচ্চেন এবং ১ জন পুরুষ দাড়িয়ে কিছু জিজ্ঞাসা করছেন।,চিত্রে কতজন পুরুষ বসে ভাত খাচ্ছেন?,চার,Number,Four farmers are eating rice and one man stands and asks something,How many men sitting and eating rice in the picture?,four
bornon_2517.jpg,"একটি বাটিতে তিন টুকরা মাংস আছে ।,
 একটি বাটি আছে ।,
 একটি বাটিতে মাংসের টুকরা আছে ।",বাটিতে কতগুলো মাংসের টুকরা আছে?,তিন,Number,There is a bowl of three pieces of meat. There is a bowl. There is a bowl of meat,How many pieces of meat are in the bowl?,three
bornon_83.jpg,"রাস্তায় জমে থাকা বৃষ্টির পানিতে একটি লোকের প্রতিচ্ছবি ।,
 পানিতে একটি লোকের প্রতিচ্ছবি ।,
 রাস্তায় জমে থাকা পানিতে একটি লোকের প্রতিচ্ছবি ।",ছবিতে প্রতিচ্ছবির উৎস কি?,বৃষ্টির পানি,Food,"A man reflected in rainwater on the street., a man reflected in water., a man reflected in street water",What is the source of the image?,rainwater
chitron_7441.png,'বৃষ্টির মাঝে পুরুষ যাত্রী নিয়ে রিক্সা চালিয়ে যাচ্ছেন একজন পুরুষ।,ছবিতে কী ধরনের আবহাওয়া দেখা যাচ্ছে?,বৃষ্টি,Weather,A man riding a rickshaw with a male passenger in the rain,What kind of weather is shown in the picture?,rain
bnature_1361.jpg,"একজন ছোট মেয়ে মাথায় ব্যান পর হাতে স্লেট নিয়ে হাসি মুখে দাড়িয়ে আছে পিছনে আরো কিছু ছেলে মেয়ে রয়েছে।,
 একটি মেয়ে শিশু হাঁতে বোর্ড নিয়ে আছে।,
 একটি মেয়ে শিশু হাঁতে বোর্ড নিয়ে হাসি মুখে দাড়িয়ে আছে।",মেয়েটির মাথায় কী পরা আছে?,ব্যান্ড,Misc,"A little girl standing with a ban on her head and a slate in her hands, behind the boys and girls, a girl child standing with a board, a girl child standing smiling with a board",What is she wearing on her head?,band
bornon_2250.jpg,"কিছু গাছপালা কুয়াশায় আচ্ছন্ন ।,
 একটি রাস্তা আছে ।,
 রাস্তার দুপাশে গাছপালা আছে ।",ছবির রাস্তাটি কিসের মধ্যে আচ্ছন্ন?,কুয়াশায়,Weather,"Some trees are covered with fog, there is a road, there are trees on both sides of the road",What is the road in the picture?,in mist
bornon_3570.jpg,"একটি সাইকেল এর ছবি দেখা যাচ্ছে যার পিছে পড়ন্ত বিকেলের ছবি দেখা যাচ্ছে ।,
 একটি সাইকেল এর ছবি দেখা যাচ্ছে ।,
 একটি সাইকেল এর পাশে একটি জলাশয় দেখা যাচ্ছে ।",ছবিতে সাইকেলটির পাশে কি রয়েছে?,জলাশয়,Misc,"A picture of a bicycle behind a falling afternoon, a picture of a bicycle beside a pond",What is next to the bicycle in the picture?,Water bodies
bnature_1353.jpg,"একজন নারী একচোখ বন্ধ করে দাড়িয়ে আছে ও পিছনে ফটোতে অনেকগুলো নায়ক নায়িকা আছে।,
 একজন নারী আছে পিছনে ফটোতে অনেকগুলো মানুষ আছে।,
 একজন নারী দাড়িয়ে আছে ও পিছনে ফটোতে অনেকগুলো মানুষ আছে।",নারীটির কয়টি চোখ বন্ধ?,এক,Number,"A woman standing with one eye closed and there are many heroes and heroes in the background, a woman standing behind and there are many people in the background, a woman standing and there are many people in the background",How many eyes of the woman are closed?,one
chitron_6375.png,'রাস্তায় কিছু মানুষ এবং একটি ট্রাক এর মাঝে অনেক মানুষ উঠে আছে।,রাস্তায় কী পরিবহন মাধ্যম ছবিতে দেখা যাচ্ছে?,ট্রাক,Misc,There are people on the street between some people and a truck,What is the transport media on the streets?,truck
chitron_6489.png,'একটি পানকুরি পাখি মুখে একটি মাছ ধরে ভাসছে পানিতে।,ছবিতে এই পাখি কী ধরে আছে?,মাছ,Human,A pankuri bird holding a fish in its mouth is floating in the water,What is the bird holding in the picture?,fish
chitron_8688.png,একজন বৃদ্ধ লোক দাঁড়িয়ে একটা জাল বুনছে।,ছবিতে দেখা বৃদ্ধ লোকটি কি বুনছেন?,জাল,Object,An old man is standing and sowing a nets,What is the old man in the picture sowing?,webs
bnature_175.jpg,"তিন জন মেয়ের মধ্যে একজন লাল জামা পরে আছে,
 তিন জন মেয়ে বসে আছে,
 তিন জন মেয়ের মধ্যে একজন চশমা পরে আছ",কোন মেয়ে লাল জামা পরে আছে?,মাঝখানের,Human,"One of the three girls is wearing a red shirt, three girls are sitting, one of the three girls is wearing glasses",Which girl is wearing a red dress?,middle
bornon_3691.jpg,"মেয়েটি সূর্য হাতে ধরার মতো করে পোজ দিয়েছে ।,
 সাগর পারে একটি মেয়ে দাঁড়িয়ে আছে ।,
 মেয়েটি সূর্য ধরার মতো করে পোজ দিয়েছে ।",মেয়েটি ছবিতে কোন জায়গায় দাঁড়িয়ে আছে?,সাগর পারে,Misc,"The girl poses to hold the sun, a girl standing by the sea, the girl poses to hold the sun",Where is the girl standing in the picture?,on the sea
bornon_3173.jpg,"টিলার পিছনে একটি গাছ দৃশ্যমান ।,
 উঁচু টিলা রয়েছে ।,
 কিছু উঁচু ভূমি রয়েছে ।",ছবিতে কোন ধরনের জমি দৃশ্যমান?,উঁচু টিলা,Misc,There is a tree visible behind the hillock. There are high hillocks. There are some high land,What kind of land is visible in the picture?,hillocks
bornon_850.jpg,"যাত্রীরা অপেক্ষা করতে দেখা যাচ্ছে ।,
 একটি কার দেখা যাচ্ছে ।,
 এয়ারপোর্টে একটি কার দেখা যাচ্ছে ।",কোন যানবাহনকে এয়ারপোর্টে দেখা যাচ্ছে?,কার,Misc,"Passengers waiting, a car, a car at the airport",Any vehicles seen at the airport?,operation
chitron_6278.png,'সূর্যের আলো বরাবর একটি বাঁশে একটি কালো পাখি বসে আছেন।,ছবিতে পাখিটি কোন বস্তুর উপর বসে আছে?,বাঁশে,Plant,A black bird sits on a bamboo along the sunlight,What is the bird sitting on in the picture?,bamboo
chitron_103.png,'একটি কৃষক শার্ট পরে লুঙ্গী কেছে হাতে একটি হাড়ি নিয়ে সাদা সার ধানের  জমিতে ছিটিয়ে দিচ্ছে।,এই কৃষক কোন কাজ করছেন?,সার ছিটানো,Misc,"A farmer wearing a shirt, carrying a pot in his hand and sprinkling white fertilizer on the paddy field",What is this farmer doing?,fertilizing
chitron_5762.png,'গাছের মাঝে একটি রেল লাইন যাতে হাঁটছে একজন পুরুষ।,ছবিতে পুরুষটি কোন পরিবেশে হাঁটছে?,রেল লাইন,Misc,A railway line in the middle of trees with a man walking,What environment is the man walking in the picture?,railway line
chitron_5422.png,বৃষ্টিতে একটি রিক্সায় একজন মানুষ আছে।,ছবিটিতে কোন পরিবহন দেখা যাচ্ছে?,রিক্সা,Vehicle,There is a man in a rickshaw in the rain,What transport is shown in the picture?,rickshaw
chitron_4246.png,'একটি লোক রান্না ঘরে রান্না করতেছে।,চিত্রের লোকটি কোন ধরনের পরিবেশে রান্না করছে?,রান্না ঘরে,Misc,A man is cooking in the kitchen,What kind of environment is the man in the picture cooking?,in the kitchen
bnature_1322.jpg,"একটি সভায় অনেক মানুষের মাঝে এক জন ছোট মেয়ে লাল হলুদ শাড়ি এবং ফুল পরে হাতে একটি মোবাইল নিয়ে সবার সামনে ছবি তুলছে ।,
 একজন বালিকা গলায় ফুলের মালা পরে হাতে মোবাইল নিয়ে ছবি তুলছে।,
 একজন বালিকা গলায় ফুলের মালা পরে হাতে মোবাইল ধরে আছে পিছনে অনেকগুলো মানুষ আছে।",মেয়েটির মাথায় কোন ধরণের ফুল পরে আছে?,গলায় ফুলের মালা,Plant,"Among the many people at a meeting, a young girl wearing a red yellow sari and flowers with a mobile in her hand, a girl wearing a garland of flowers on her neck, a girl holding a mobile in her hand, a girl wearing a garland of flowers on her neck with a mobile with a lot of people behind her",What kind of flower is she wearing on her head?,garlands
bnature_2001.jpg,"সদ্য প্রস্ফুটিত গোলাপ।,
 একটি গোলাপ।,
 একটি লাল গোলাপ ফুল।",ছবিতে কোন ধরনের ফুল দেখা যাচ্ছে?,লাল গোলাপ,Color,"A newly bloomed rose, a rose, a red rose",What kind of flowers are shown in the picture?,red rose
chitron_8144.png,'সূর্যাস্তের সময় নদীতে একটা লঞ্চ চলছে।,ছবিটিতে কোন সময়ে লঞ্চটি নদীতে চলছে?,সূর্যাস্তের সময়,Time,"At sunset, there is a launch in the river",At what time is the launch running in the river in the picture?,sunset
bornon_366.jpg,"একটি রুমে একটি টেবিল টেনিসের টেবিল দেখা যাচ্ছে এবং কিছু চেয়ার টেবিল দেখা যাচ্ছে ।,
 একটি রুমে কিছু চেয়ার টেবিল দেখা যাচ্ছে ।,
 একটি টেবিল টেনিসের টেবিল দেখা যাচ্ছে এবং কিছু চেয়ার টেবিল দেখা যাচ্ছে ।",ছবিতে কোন ধরণের খেলার টেবিল দেখা যাচ্ছে?,টেবিল টেনিসের টেবিল,Misc,One room shows a table tennis table and some chairs tables. A room shows a table tennis table and some chairs tables,What kind of game table is shown in the picture?,table tennis table
chitron_1755.png,'একটি মঞ্চে একজন পুরুষকে গিফট দিয়ে সংবর্ধনা করছে কিছু মানুষ এবং তার দু পাশে দাড়িয়ে আছে অনেকগুলো মানুষ।,ছবিতে দেখানো সম্মাননা প্রাপ্ত পুরুষ কি কোনো উপহার গ্রহণ করছেন?,হ্যাঁ,Misc,In a stage some people are welcoming a man with gifts and many people are standing on both sides of him,Is the honorary man shown in the picture accepting a gift?,Yeah.
chitron_5155.png,"ভবন, গাছ ও আকাশে সূর্য আছে।",ছবিতে কোন সময়ের দৃশ্য?,সূর্যাস্ত,Time,"There are buildings, trees, and the sun in the sky",What time scene in the picture?,sunset
chitron_4319.png,'অনেক গুলো গাছের নিচ দিয়ে একজন মহিলা যাচ্ছে।,ছবিতে মহিলাটি কোন ধরনের পরিবেশের মধ্যে হাঁটছেন?,গাছের নিচে,Plant,A woman walking under a lot of trees,What kind of environment is the woman walking in the picture?,under a tree
bornon_84.jpg,"একটি ফড়িংয়ের সুস্পষ্ট একটি ছবি ।,
 একটি ফড়িং ।,
 একটি ফড়িংয়ের অপরূপ একটি ছবি ।",ছবিতে কোন প্রাণী দেখা যাচ্ছে?,ফড়িং,Misc,A picture of a grasshopper. A grasshopper. A picture of a grasshopper,What animals are in the picture?,grasshopper
chitron_5878.png,'একজন পুরুষ মাছ ধরছে এবং একজন নৌকায় দাড়িয়ে আছে।,ছবিতে পুরুষটি কোন সময়ে মাছ ধরছে?,সূর্যাস্তের সময়,Time,A man is fishing and a man is standing on a boat,When is the man fishing in the picture?,sunset
chitron_3331.png,'একটি গাছের মাছে শার্ট প্যান্ট সান গ্লাস পরে বসে আছে একটি ছেলে।,ছবিতে ছেলেটি কোন জিনিস পরে আছে?,সান গ্লাস,Misc,A boy sits in a tree fish wearing shirts and sunglass,What is the boy wearing in the picture?,Sun Glass
bornon_322.jpg,"ফুল গাছে কিছু প্রজাপতি দেখা যাচ্ছে ।,
 কিছু ফুল দেখা যাচ্ছে ।,
 কিছু প্রজাপতি দেখা যাচ্ছে ।",ছবিটিতে কোন প্রজাপতির উপস্থিতি দেখা যাচ্ছে?,হ্যাঁ,Misc,"Flower trees with some butterflies, some flowers, some butterflies",Which butterfly appears in the picture?,Yeah.
bnature_375.jpg,"একটি সাজানো রুমে কতগুলো ছেলে এবং কতগুলো মেয়ে সারিবদ্ধ ভাবে দাঁড়িয়ে আছে,
 একটি পার্টিতে অনেকগুলো মানুষ সেজেগুজে এসেছে,
 একটি সাজানো রুমে অনেকগুলো মানুষ একত্রিত হয়েছে",ছবিটির পটভূমিতে কোন ধরনের অনুষ্ঠানের ব্যানার দেখা যাচ্ছে?,জন্মদিনের পার্টি,Misc,"In a decorated room, there are boys and girls lined up, in a party, in a decorated room, many people gathered together",What kind of event banner is on the background?,Birthday party
chitron_7997.png,"'সমুদ্রের পাড়ে একজন ছেলে ঘোড়া চড়াচ্ছে, কেউ দাঁড়িয়ে আছে , কেউ গোসল করছে আব্র কেউ ছবি তুলছে।",ছবিটি কোন পরিবেশে তোলা হয়েছে?,সমুদ্রের পাড়,Misc,"There is a boy riding a horse, someone is standing, someone is bathing and someone is taking pictures",What environment was the photo taken?,coastline
chitron_3393.png,'কিছু নারী পুরুষ হাতে পোস্টার ব্যানার পতাকা নিয়ে রাস্তায় আন্দোলন করছে।,ছবিতে দেখা গেল কোন ধরনের আন্দোলন?,রাজনৈতিক আন্দোলন,Misc,"Some men and women are protesting in the streets with posters, banners and flags",What kind of movement is seen in the picture?,political movement
chitron_1668.png,'২ জোন মেয়ে একজন আরেকজনকে একটি ডিভাইস এ কিছু দেখিয়ে দিচ্ছে।,উল্লিখিত ছবিতে মেয়েরা কোন ধরণের ডিভাইস ব্যবহার করছে?,ল্যাপটপ,Misc,2 Zone girls showing each other something on a device,What kind of device are the girls using in the picture?,laptop
chitron_6655.png,'একজন পুরুষ বৈঠা নিয়ে দাড়িয়ে একটি নৌকা চালাচ্ছেন।,ছবিতে এই পুরুষটি কোন যন্ত্রের সাহায্যে নৌকা চালাচ্ছেন?,বৈঠা,Object,A man is standing on his sail and riding a boat,"In the picture, what machine is the man riding the boat?",oars
chitron_4615.png,জলাশয়ের পাশে কয়েকটি গাছ আছে। আকাশে সূর্য আছে।,ছবিটিতে সূর্য কোন সময়ে আছে?,বিকেলে,Misc,There are a few trees near the pond and the sun is in the sky,What time is the sun in the picture?,in the afternoon
chitron_4276.png,চশমা পরিহিত একজন পুরুষ দাড়িয়ে আছে।,এই ব্যক্তির জামায় কোন ধরনের নকশা রয়েছে?,সংবাদপত্র,Misc,A man in glasses stood,What kind of design does this man wear?,newspaper
bornon_3288.jpg,"একটি কালো রঙের হারিকেন দেখা যাচ্ছে ।,
 একটি ঝুলন্ত হারিকেন ।,
 একটি নিভানো হারিকেন দেখা যাচ্ছে ।",ছবিতে ঝুলানো কোন জিনিসটির ছবি দেখানো হয়েছে?,হারিকেন,Misc,"A black hurricane, a hanging hurricane, a burning hurricane",What is hanging in the picture?,hurricane
chitron_3753.png,'একটি অল্প পানির খাল এবং পাড়ে একজন পুরুষ কোদাল নিয়ে কাজ করছেন।,ছবিতে কোন সময়ের আবহাওয়া পরিলক্ষিত হচ্ছে?,কুয়াশাচ্ছন্ন,Misc,A man working with a spade on the bank of a little water canal,What time weather is shown in the picture?,foggy
chitron_6829.png,'একজন পুরুষ শুকনায় জালের ভিতর থেকে তাকিয়ে আছেন।,ছবিতে প্রদর্শিত ব্যক্তি কোন জিনিস ধরে রয়েছেন?,জাল,Object,A man looking from the net in the dry,What is the man in the picture holding?,webs
chitron_1762.png,'বস্তির মাঝে  একটি কাগজের ঘরে দাড়িয়ে আছে একজন ছোট মেয়ে।,ছবিতে দেখা মেয়েটি কোন্ ধরনের বাড়িতে দাঁড়িয়ে আছে?,কাগজের ঘরে,Misc,A little girl stands in a paper room in the middle of the slum,What kind of house is the girl in the picture standing?,in the paper room
chitron_4065.png,'ছোট একটি মেয়ে নদীর কাছে দাড়িয়ে আছে।,মেয়েটি কোন জায়গায় দাঁড়িয়ে আছে?,নদীর কাছে,Place,A little girl standing near the river,Where is the girl standing?,near the river
bnature_1833.jpg,"রাস্তায় একটি রিক্সা, রিকশাচালক ও কিছু সরঞ্জাম দেখা যাচ্ছে।,
 একটি লোক রিক্সা ঠিক করছে।,
 রিকশাচালক তার রিকশার সামনের চাকা ঠিক করছে।",রিকশাচালক কোন অংশ ঠিক করছেন?,সামনের চাকা,Direction,"A rickshaw, a rickshaw driver and some equipment on the street, a man repairing a rickshaw, a rickshaw driver repairing his front wheel",Which part is the rickshaw driver fixing?,front wheel
chitron_5361.png,'একটি মন্দির ও তার পাশে ইট ভাটা দেখা যাচ্ছে।,ছবিতে কোন ধরনের কাঠামো দেখা যাচ্ছে?,মন্দির ও ইট ভাটা,Misc,There is a temple and a brickfield beside it,What kind of structure is shown in the picture?,Temple and brickfield
bornon_1414.jpg,"বাসার ভেতরে তোলা একটি কুকুরের ছবি দেখা যাচ্ছে যেটি চেয়ারের ওপর বসা ।,
 একটি বিদেশি জাতের কুকুর দেখা যাচ্ছে ।,
 চেয়ারের ওপর বসে থাকা একটি কালো কুকুর দেখা যাচ্ছে ।",ছবিতে কুকুরটি কোন জায়গায় বসে আছে?,চেয়ারের ওপর,Misc,"Inside the house, a dog sitting on a chair, an exotic dog, a black dog sitting on a chair",Where is the dog sitting in the picture?,on the chair
chitron_7335.png,'গালে হাত রেখে তাকিয়ে আছে একজন বাচ্চা ছেলে।,ছবিটিতে বাচ্চাটি কোন অঙ্গ দিয়ে তার গাল স্পর্শ করছে?,হাত,Misc,A kid looks at me with his hand on his cheek,What organs is the child touching his cheek in the picture?,hands
chitron_7332.png,'একটি নৌকা পাড়ে বাধা এবং একজন পুরুষ দাড়িয়ে আছেন হাঁটু পানিতে যার চারপাশে অনেকগুলো শাপলার বান্দেল।,ছবিতে দেখা যাচ্ছে কোন জলাভূমির ফুল পুরুষটির চারপাশে?,শাপলা,Misc,A boat is tied to the bank and a man is standing knee-deep in the water surrounded by many shapla bands,Which wetland flowers are shown around the man?,Shapla
bornon_413.jpg,"ছবিতে নিচের দ্বীপ দেখা যাচ্ছে দেখা যাচ্ছে ।,
 ছবিতে উপর থেকে মেঘ দেখা যাচ্ছে ।,
 ছবিতে নীল আকাশ ও মেঘ দেখা যাচ্ছে ।",ছবিতে কোন ধরনের আকাশ দেখা যাচ্ছে?,নীল আকাশ,Color,Image showing islands below. Image showing clouds from above. Image showing blue sky and clouds,What kind of sky is shown in the picture?,Blue Sky
bornon_270.jpg,"মেঘলা দিনে নৌকা শূন্য নদীর একটি অপূর্ব ছবি ।,
 মেঘলা দিনের একটি ছবি ।,
 মেঘলা দিনে নদীর একটি অপূর্ব ছবি ।",ছবিটি কোন ধরণের দিনে তোলা হয়েছে?,মেঘলা দিনে,Weather,"On a cloudy day, a beautiful picture of the boat zero river., a picture of the cloudy day., a beautiful picture of the river on a cloudy day",What kind of day was the photo taken?,On a cloudy day
bnature_340.jpg,"সরিষা ক্ষেতের মধ্য পতাকা নিয়ে দাঁড়িয়ে ছেলেটি দূরের গাছপালা দেখছে।,
 একটি ছেলে ফসলের জমির মধ্য দাঁড়িয়ে আছে।,
 একটি ছেলে সরিষা ক্ষেতের মধ্যে পতাকা উড়াচ্ছে।",ছেলেটি কোন ধরনের ক্ষেতে দাঁড়িয়ে আছে?,সরিষা ক্ষেতে,Plant,"Standing with the flag in a mustard field, the boy watches the trees in the distance",What kind of field is the boy standing in?,mustard field
chitron_7651.png,'একজন পুরুষ পতাকা বিক্রি করছেন।,পুরুষটি কোন দেশের পতাকা বিক্রি করছেন?,বাংলাদেশ,Place,A man selling flags,Which national flag is the man selling?,Bangladesh
chitron_2822.png,'গায়ে চাদর দিয়ে কতগুলো ঝুড়ির সামনে বসে আছে একজন মেয়ে বাচ্চা।,ছবিতে মেয়েটি কোন স্থানে বসে আছে?,বালির উপর,Misc,There is a girl sitting in front of some baskets with a sheet,Where is the girl sitting in the picture?,on sand
chitron_4611.png,'নদীর পাড়ে নৌকা থেমে আছে।,ছবিটি কোন ধরণের ভূমি বা জলাভূমিকে দেখাচ্ছে?,নদীর পাড়,Place,The boat is stopped at the bank of the river,What kind of land or wetland is this picture showing?,riverbank
chitron_7791.png,'একজন একটি নৌকা চালিয়ে যাচ্ছেন এবং একজন বসে আছে।,ছবিতে নৌকাটি কোন সময়ে চলছে?,সূর্যাস্তের সময়,Time,One is driving a boat and one is sitting,What time is the boat riding in the picture?,sunset
chitron_7892.png,'নদীর পাড় থেকে সিঁড়ি দিয়ে উপরে উঠছেন ২ জন বোরকা পরা মহিলা এবং নদীতে অনেকগুলো নৌকা।,ছবিতে দেখা মহিলারা কোন পথ দিয়ে চলছেন?,সিঁড়ি দিয়ে,Misc,Two women wearing burqas are going up the stairs from the bank of the river and there are many boats in the river,Which road are the women in the picture walking?,stairs
bornon_3139.jpg,"বাঁশের সাঁকোর নিচ দিয়ে কি নৌকা যাচ্ছে ।,
 একটি পাকা ব্রিজ রয়েছে ।,
 পানিতে একটি নৌকা রয়েছে ।",ছবিতে নৌকাটি কোন ধরনের সাঁকোর নিচ দিয়ে যাচ্ছে?,বাঁশের সাঁকোর,Plant,What boats are going under the bamboo bridge. There's a paved bridge. There's a boat in the water,"In the picture, what kind of bridge is the boat passing under?",bamboo bridge
bornon_460.jpg,"হলুদ রঙের জানালা দিয়ে গাছপালা দেখা যাচ্ছে ।,
 একটি জানালার ছবি দেখা যাচ্ছে ।,
 হলুদ রঙের জানালা দেখা যাচ্ছে ।",কোন বস্তুটি জানালার মাঝে দেখা যাচ্ছে?,বেলুন,Misc,"Yellow windows showing trees, pictures of a window, yellow windows showing",What's in the middle of the window?,balloon
bornon_3242.jpg,"বাটিতে লাল রঙের স্ট্রবেরি রাখা আছে ।,
 কিছু ফল দেখা যাচ্ছে ।,
 বাটির মধ্যে অনেক ফল রাখা আছে ।",বাটিতে মূলত কোন ফলগুলি রাখা আছে?,"স্ট্রবেরি, ব্ল্যাকবেরি",Misc,There's a bowl of red strawberries. There's some fruit. There's a lot of fruit in the bowl,What fruits are primarily in the bowl?,"strawberry, blackberry"
chitron_3735.png,'১ জন বাচ্চা ছেলে একটি চেয়ার এর উপরে হেলান দিয়ে তাকিয়ে আছে।,বাচ্চা ছেলেটি কোন জিনিসের উপর হেলান দিয়ে আছে?,চেয়ার,Misc,1 kid leaning on a chair,What's the little boy leaning on?,Chair
chitron_4347.png,একজন পুরুষ মাথার উপর ও হাতে অনেকগুলো ফুল নিয়ে আছে।,ছবিতে ব্যক্তিটি তার মাথার উপর কোন ধরণের ফুল পরে আছেন?,লাল গোলাপ,Color,A man with flowers on his head and hands,What kind of flower is the man wearing over his head?,red rose
chitron_6666.png,'কিছু মানুষ রাতের বেলা একটি বিল্ডিং এর কাজ করছেন।,ছবিতে দেখা মানুষগুলো কোন সময়ে কাজ করছে?,রাতের বেলা,Misc,Some people are working on a building at night,When are the people in the picture working?,at night
bornon_2489.jpg,"একটা প্লাস্টিকের কাটা চামচ খাবারের উপর রাখা আছে ।,
 কিছু খাবার দেখা যাচ্ছে ।,
 মাংসের পাশে ক্যাপসিকাম রাখা আছে ।",খাবারের উপর কোন ধরনের চামচ রাখা আছে?,প্লাস্টিকের কাটা,Misc,"There's a plastic spoon on the dish, there's some food, there's capsicum next to meat",What kind of spoon is on the food?,plastic cut
bnature_358.jpg,"শ্রমিকরা মাথায় করে পাথর ন্যে যাচ্ছে রেল লাইনের জন্য।,
 শ্রমিকেরা রেল পথের কাজ করছে।,
 আকাশে ঘন কালো মেঘ করেছে কিন্তু শ্রমিকরা কাজ করছেই।",ছবিতে শ্রমিকরা কোন কাজ করছে?,রেল লাইনের কাজ,Activity,"Workers carry stones on their heads for the railway line, workers working on the railway line, dark clouds in the sky but workers working",What are the workers doing in the picture?,Railway work
chitron_4553.png,'একটি লোক নদী দিয়ে নৌকা নিয়ে যাচ্ছে।,ছবিটিতে লোকটি কোন পরিবহন ব্যবহার করছে?,নৌকা,Vehicle,A man is taking a boat through the river,What transport is the man using in the picture?,boat
chitron_3153.png,'ধানের জমির  পাশের রাস্তা দিয়ে হেটে  যাচ্ছে একজন শাড়ি পরা মহিলা যার কাখে একটি ঝুড়ি।,ছবির মহিলাটি কোন ফসলের জমির পাশ দিয়ে হাঁটছেন?,ধানের জমি,Plant,A sari-wearing woman walking along the road next to the rice field with a basket on her shoulder,Which field is the woman walking by?,rice field
chitron_695.png,লাল জামা পরিহিত অনেকগুলো মানুষ একসাথে একটি নৌকা চালাচ্ছে।,ছবিতে দেখানো নৌকাটি কোন ধরণের নৌকা?,ড্রাগন বোট,Emotion,Many people in red dress are riding a boat together,What kind of boat is shown in the picture?,Dragon Boat
bornon_2410.jpg,"প্লেটে দোকানের লোগোর ছাপ দেয়া ।,
 প্লেটে খবার পরিবেশন করা ।,
 টেবিল ক্লথের উপর প্লেটটি রাখা ।",প্লেটের উপর কোন ধরনের খাবার পরিবেশন করা হয়েছে?,ভাত ও সসেজ,Misc,"Plates marked with the shop logo, serving food on plates, plates on table cloth",What kind of food is served on the plate?,Rice and sausage
bornon_1987.jpg,"অনেক ছাত্র গোল করে বসে আছে ।,
 অনেক মানুষ আছে ।,
 অনেক মানুষ বসে আছে ।",ছবিতে ছাত্ররা কোন আকারে বসে আছে?,গোল করে,Misc,"Many students are sitting around, many people are sitting",What shape are the students sitting in the picture?,roundly
chitron_7259.png,'একটি পুরনো বাড়ি যার জানালা দিয়ে একজন মহিলাকে দেখা যায়।,ছবিতে মহিলাটি কোন বাড়ির জানালায় দাঁড়িয়ে রয়েছেন?,পুরনো বাড়ি,Misc,An old house where a woman can be seen through the window,Which house is the woman standing in the picture?,old house
chitron_8281.png,'একটা বাচ্চা ছেলে গলা পর্যন্ত পানিতে নেমে তাকিয়ে আছে।,ছেলেটি কোন উচ্চতায় পানিতে নেমে আছে?,গলা পর্যন্ত,Misc,A little boy is lying down in the water to his throat,What height is the boy down in the water?,up to the throat
chitron_7805.png,'জমির কাঁদার উপর দিয়ে হেটে আসছেন কিছু মহিষ এবং পিছনে একজন পুরুষ আসছেন।,ছবিটিতে পিছনে আসা পুরুষটি কোন ধরণের মাটির উপর হাঁটছেন?,কাঁদা,Misc,There are buffaloes walking on the mud on the ground and a man is coming behind,"In the picture, what kind of soil is the man walking on?",cry
chitron_8141.png,'দুইজন ছোট মেয়ে একসাথে দড়িলাফ খেলছে আর একজন লোক রাস্তা দিয়ে হেঁটে যাচ্ছে।,ছবিতে ছোট মেয়েরা কোন খেলা খেলছে?,দড়িলাফ,Misc,"Two young girls are playing rope-laughs together, and a man is walking on the street",What game are the young girls playing in the picture?,ropes
bornon_281.jpg,"মেঘলা আকাশের নিচে কাশফুলে ঢাকা বিশাল একটি মাঠ দেখা যাচ্ছে ।,
 কাশফুলে ঢাকা একটি মাঠ দেখা যাচ্ছে ।,
 কাশফুলে ঢাকা অপরূপ একটি মাঠ দেখা যাচ্ছে ।",ছবিতে কোন ধরনের ফুল দেখা যাচ্ছে?,কাশফুল,Plant,"Beneath the cloudy sky, a huge field covered with flowers, a field covered with flowers, a beautiful field covered with flowers",What kind of flowers are shown in the picture?,Kashful
bornon_956.jpg,"আকাশের দিকে তাকিয়ে থাকা একটি ছেলে ।,
 আকাশের পানে চেয়ে থাকা ।,
 একটি ছেলে আকাশের দিকে চেয়ে আছে ।",ছবিতে দেখানো ব্যক্তি কোন দিকে তাকিয়ে আছে?,আকাশের দিকে,Misc,A boy looking at the sky,Where is the man in the picture looking?,skyward
bornon_2672.jpg,"একটি বাটিতে মাংসের টুকরা আছে ।,
 কয়েকটি বাটি আছে ।,
 একটি বাটিতে সবজি আছে ।",ছবিতে কোন ধরণের মাংস দেখা যাচ্ছে?,মুরগির মাংস,Food,There's a bowl of meat. There's a few bowls. There's a bowl of vegetables,What kind of meat is in the picture?,chicken
chitron_4629.png,'বড় একটি ধানের ক্ষেত হলুদ আর হলুদ।,ছবিটিতে দেখা যাচ্ছে কোন ধরনের ক্ষেত?,ধানের ক্ষেত,Plant,A big rice field is yellow and yellow,What kind of fields are shown in this picture?,paddy field
chitron_5122.png,এটি একটি ধান ক্ষেত।,"চিত্রের ভিত্তিতে, এটি কোন ধরনের ক্ষেত?",ধান ক্ষেত,Plant,This is a rice field,"Based on the picture, what kind of field is this?",paddy field
chitron_5495.png,'ব্রীজ তৈরী করা হচ্ছে।,ছবিটি কোন ধরনের নির্মাণকাজ দেখাচ্ছে?,ব্রীজ নির্মাণ,Human,Creating bridge,What kind of construction does this picture show?,bridge construction
chitron_4999.png,'একজন বয়স্ক লোকের সাথে একজন লোক কথা বলছে।,ছবিতে দেখা বয়স্ক লোক কি টেবিলের ওপর কোনো জিনিস রেখেছেন?,টাইপরাইটার,Misc,A man is talking to an elderly man,Did the elderly man in the picture put something on the table?,typewriter
bnature_114.jpg,"নদীর অনেক শাপলা ফুল ও একটা মেয়ে নৌকা নিয়ে শাপলা ফুল তুলছে।,
 একটা মেয়ে শাপলা ফুল তুলছে।,
 নৌকা নিয়ে একটা মেয়ে শাপলা ফুল তুলছে।",ছবিতে মেয়েটি কোন ফুল তুলছে?,শাপলা ফুল,Plant,"Many waterflowers and a girl with a boat., a girl with a boat., a girl with a boat",What flower is she picking up in the picture?,Shapla
chitron_1008.png,'একজন মহিলা একটি গরু নিয়ে যাচ্ছে।,ছবিতে মহিলাটি কোন প্রাণী নিয়ে যাচ্ছে?,গরু,Animal,A woman carrying a cow,What animal is the woman carrying in the picture?,cow
chitron_4763.png,'বাশের সাকুতে একজন মহিলা যাচ্ছে ও নিচে পানি।,ছবিতে মহিলাটি কোন ধরনের সেতু দিয়ে যাচ্ছেন?,বাঁশের সেতু,Plant,A woman is going to the Saku of Bash and there is water,What kind of bridge is the woman on the picture?,bamboo bridge
chitron_3034.png,'বনের রাস্তা দিয়ে একটি বাঘ যাচ্ছে এবং পিছনে একটি গাড়ি যাচ্ছে।,ছবিতে বাঘটি কোন রাস্তা দিয়ে যাচ্ছে?,বনের রাস্তা,Misc,A tiger is going through the forest road and a car is going behind,Which road is the tiger going?,roads
bornon_1907.jpg,"একটি চারাগাছে একটি ফুল ফুটেছে ।,
 একটি ফুল আছে ।,
 একটি সাদা ফুল আছে ।",চারাগাছে কোন ধরনের ফুল ফুটেছে?,সাদা ফুল,Color,A plant has a flower. There is a flower. There is a white flower,What kind of flowers are blooming in the plant?,white flower
bnature_625.jpg,"একটি বাংলার গ্রামের চিত্র রংতুলির মাধ্যমে তুলে ধরার চেষ্টা।,
 রংতুলি দিয়ে একটি গ্রামের চিত্র অঙ্কন।,
 গ্রামের শুরুতে কয়েকটা বাড়ী সাথে গাছপালা ও মানুষ।",ছবিতে কোন ধরনের পরিবেশ দেখানো হয়েছে?,গ্রামের পরিবেশ,Place,"An attempt to illustrate a Bengali village with paintbrush, illustration of a village with paintbrush, starting with a few houses with trees and people",What kind of environment is shown in the picture?,Village Environment
chitron_6965.png,'চা বাগান দিয়ে মাথায় বুজা নিয়ে হেটে আসছেন কিছু মহিলা চা কর্মী।,চিত্রে দেখা মহিলাগণ কোন জায়গায় কাজ করছেন?,চা বাগান,Activity,Some female tea workers walking through the tea garden with head covered,Where are the women in the picture working?,tea gardens
bnature_562.jpg,"সবুজে ঘেরা চা বাগানে মান্যশজন কাজ করতেছে।,
 পাহাড়ের ঢালুতে চা বাগান।,
 একদল মানুষ চা বাগানে কাজ করছে।",ছবিতে দেখা যাচ্ছে কোন ধরণের বাগান?,চা বাগান,Activity,"Many people working in the green tea garden, on the slopes of the hills, a group of people working in the tea garden",What kind of garden is shown in the picture?,tea gardens
bnature_460.jpg,"পাহারের পাদদেশে ঝর্নার ও তার পাশে একটি বাড়ি।,
 ঝর্নার পাশে একটি বাড়ি।,
 ঝর্নার পাশে মানুষের বাড়ি।",ছবিতে দেখা ঝর্নাটি কোন জায়গায় অবস্থিত?,পাহাড়ের পাদদেশে,Place,A house at the foot of the mountain and next to the fountain. A house next to the fountain. A house next to the fountain,Where is the fountain shown in the picture?,foothills
chitron_4021.png,'অনেক লোক মিলে একসাথে ট্রেনের ছাদে বসে শুয়ে যাচ্ছে ও চার পাশে অনেকগুলো গাছপালা।,মানুষেরা কোন যানবাহনের উপরে বসে আছে?,ট্রেনের ছাদে,Vehicle,Many people are sitting on the roof of the train together and there are many trees on all sides,What kind of vehicles are people sitting on?,on the roof of a train
bornon_2889.jpg,"সূর্যাস্ত এর সময় একটি লোক সাগর পাড়ে দাঁড়িয়ে আছে ।,
 আকাশে পাখি উড়ছে ।,
 সূর্যাস্ত এর সময় একটি লোক দাঁড়িয়ে আছে ।",ছবিতে লোকটি কোন সময়ে দাঁড়িয়ে আছে?,সূর্যাস্তের সময়,Time,"A man standing on the shore at sunset, birds flying in the sky, a man standing at sunset",What time is the man standing in the picture?,sunset
bornon_158.jpg,"রোদৌজ্জ্বল এক দুপুরের ক্লান্ত কোন পথিক ।,
 ক্লান্ত পথিকের একাকী পথচলা ।,
 রোদৌজ্জ্বল দুপুরের ক্লান্ত পথিক ।",ছবি অনুযায়ী দিনের কোন সময়ে এই পথিক পথ চলছেন?,দুপুরের,Misc,"A tired traveler of a sunny afternoon, a tired traveler's lone walk, a tired traveler of a sunny afternoon",Which time is the day when the traveler is on the road according to the picture?,noon
bornon_1504.jpg,"গাছের কিছু কিছু পাতার শিরাজালিকা স্পষ্টভাবে দেখা যাচ্ছে ।,
 গাছের পাতা দেখা যাচ্ছে ।,
 গাছের পাতা ও কিছু ডালপালা দেখা যাচ্ছে ।",ছবিতে পাতার কোন বিশেষ বৈশিষ্ট্য স্পষ্টভাবে দেখা যাচ্ছে?,শিরাজালিকা,Object,"Some of the leaves are visible, some of the leaves are visible, some of the leaves and some of the branches are visible",What particular feature of the page is clearly seen in the picture?,bracelet
bornon_76.jpg,"মেঘের বুক চিরে বেরিয়ে আসা তীক্ষ্ণ সূর্য রশ্মি নদীর বুকে ছড়িয়ে পরছে ।,
 মেঘের আঁচল পার করে আসা আলোক রশ্মি ।,
 মেঘাচ্ছন্ন আকাশের থেকে উঁকি দেয়া আলোর ঝলক ।",ছবিতে আলোক রশ্মি কোন প্রাকৃতিক উপাদানের উপর পড়ছে?,নদীর বুকে,Place,"The sharp sun rays that cut through the clouds spread across the river, the rays that cross the clouds, the flashes of light from the clouds",Which natural material are the lights falling on in the picture?,on the riverbed
bnature_2145.jpg,"অনেকগুলো ছেলেমেয়ে একসাথে বসে দাঁড়িয়ে একটি মঞ্চে ছবি তুলছেন।,
 সবাই মিলে পালন করছে।,
 একসাথে অনেকগুলো মানুষ আছে।",ছবিটি কোন ধরনের অনুষ্ঠানের চিত্র হিসেবে বর্ণনা করা হয়েছে?,পালন,Misc,"Several children sitting together and taking photos on a stage, celebrating together, many people together",What kind of event is the picture described?,observances
chitron_9066.png,চাঁদের আলোয় একজন লোক মাঠের পথ ধরে হেঁটে যাচ্ছে।,ছবিতে লোকটি কোন পরিবেশে হাঁটছে?,মাঠের পথে,Human,"In the moonlight, a man was walking along the field",What environment is the man walking in the picture?,on the field
chitron_7265.png,'একজন পুরুষ একটি সাইন বোর্ড ধরে দাড়িয়ে তাকিয়ে আছে।,ছবিতে পুরুষটি কোন সাইন বোর্ড ধরে আছে?,দ্য হ্যাঙ্গিং গার্ডেন,Misc,A man holding a signboard and looking,What signboard is the man holding in the picture?,The Hanging Garden
bornon_4051.jpg,"প্লেটের মধ্যে অনেক রকমের খাবার আছে ।,
 টেবিলের উপর চারকোনা একটি রয়েছে ।,
 প্লেটের মধ্যে একটি বার্গার রয়েছে ।",প্লেটের উপর কোন ধরনের মাংস রয়েছে?,স্টেক,Misc,"There are many kinds of food in plates., there is a square on the table., there is a burger in the plate",What kind of meat is on the plate?,steak
bornon_1867.jpg,"একজন মানুষ কুয়াশার মাঝে ঘাসের উপর তৈরি একটি বেঞ্চ এ বসে আছে ।,
 একজন মানুষ বেঞ্চ এ বসে আছে ।,
 একজন মানুষ কুয়াশার মাঝে বেঞ্চ এ বসে আছে ।",ছবিতে মানুষটি কোন পরিবেশে বসে আছে?,কুয়াশার মাঝে,Weather,"A man sitting on a bench made of grass in the mist., a man sitting on a bench., a man sitting on a bench in the mist",What environment is the man sitting in the picture?,In the mist
bornon_2873.jpg,"অনেকগুলো গোলাপ ফুলের মালা আছে ।,
 ফুলের মালা আছে ।,
 অনেকগুলো ফুলের মালা আছে ।",ছবিতে কোন ধরনের ফুলের মালা দেখা যাচ্ছে?,গোলাপ ও বেলি,Plant,"There are lots of roses, lots of roses, lots of roses",What kind of flower garland is shown in the picture?,Rose and Belly
bornon_1583.jpg,"সারি সারি লম্বা লম্বা গাছ দেখা যাচ্ছে ।,
 পানি দেখা যাচ্ছে ।,
 অনেক সুপারি গাছ দেখা যাচ্ছে ।",ছবিতে কোন ধরনের গাছ দৃশ্যমান?,সুপারি গাছ,Plant,"Long trees, water, many betel nut trees",What kind of trees are visible in the picture?,betel nut
chitron_3556.png,'একজন বুড়ো পুরুষ হাতে ব্যাট নিয়ে ব্যাট করছে এবং সামনে একটি বল।,ছবিতে দৃশ্যমান পুরুষ কোন খেলা খেলছেন?,ক্রিকেট,Misc,There is an old man batting with a bat in his hand and a ball in front of him,What game is the man in the picture playing?,cricket
chitron_5222.png,'ব্রীজের নিচ দিয়ে দুইটি লঞ্চ যাচ্ছে।,ছবিতে লঞ্চ দুটি কোন নদীতে আছে?,পদ্মা,Human,Two launches are going under the bridge,Which river are the two launches in the picture?,Padma
bornon_1113.jpg,"কিছু মানুষ একটি রাস্তায়ে পরে থাকা গাছ ধরে আছে এবং তাদের উপর একটি সেতি আছে ।,
 কিছু মানুষ দেখা যাচ্ছে ।,
 কিছু মানুষ গাছ ধরে আছে ।",চিত্রে কোন পেশার মানুষদের দেখা যাচ্ছে?,দমকল কর্মী,Misc,"Some people holding a tree on a street and holding a stick on them, some people seen, some people holding a tree",What professionals are shown in the picture?,fireman
bornon_1391.jpg,"একটি কালো কুকুর চাদর গায়ে সোফায় শুয়ে আছে ।,
 একটি কুকুর রয়েছে ।,
 একটি কুকুর তাকিয়ে আছে ।",কুকুরটি কোন জিনিসের উপর শুয়ে আছে?,সোফা,Misc,"A black dog lying on a couch with a sheet, a dog, a dog looking",What's the dog lying on?,sofa
bnature_505.jpg,"একজন লোক একটি ডিঙ্গি নৌকায় নদীতে মাছ শিকার করছে।,
 নদীতে একটি ডিঙ্গি নৌকা।,
 একটি ছোট্ট ডিঙ্গি নৌকা নদীতে ভেসে বেরাচ্ছে।",নদীতে কোন ধরনের নৌকা ভেসে বেড়াচ্ছে?,ডিঙ্গি নৌকা,Vehicle,A man fishing in a boat. A boat in the river,What kind of boat is floating in the river?,boat
bornon_1503.jpg,"বাছুরের পিঠের ওপর পাখি দেখা যাচ্ছে ।,
 একটি বাছুর দেখা যাচ্ছে ।,
 মাঠের পেছনে কিছু অংশ জুড়ে বেড়া আছে ।",ছবিতে কোন প্রাণীর পিঠে পাখি বসে আছে?,বাছুর,Misc,Birds on the back of the calf. A calf. A fence over the back of the field,"In the picture, which animals are birds sitting on the back?",calves
chitron_3392.png,'কয়েকজন মহিলা কাঁথা সেলায় করছে বসে এবং একজন মহিলা সামনে সূতা ধরে আছে।,ছবির মহিলারা কোন কাজ করছে?,কাঁথা সেলাই,Misc,Some women sitting on quilt and a woman holding thread in front,What are the women in the picture doing?,quilt sewing
bornon_2655.jpg,"খাবারের উপরে কাঠির উপরে ""ঢাকা"" লেখা আছে ।,
 একটি বাটি আছে ।,
 বাটিতে খাবার আছে ।",খাবারের উপরে কোন শহরের নাম লেখা আছে?,ঢাকা,Misc,"On the top of the dish is a stick with the word ""covered"". There is a bowl. There is food in the bowl",Which city's name on the food?,Dhaka
bnature_616.jpg,"সমুদ্রের ঝকঝকে পরিস্কার পানি সাথে সাদা চরের দ্বীপ।,
 নীল সমুদ্র সাথে সাদা চর।,
 চরের সাথে প্রবাল প্রাচীরের সঞ্জোগ।",ছবিটিতে দেখা যাচ্ছে কোন ধরনের পানি?,ঝকঝকে পরিস্কার,Misc,"The clean waters of the sea with white islands, the blue sea with white islands, the islands with coral reefs",What kind of water is shown in this picture?,cleanest
bornon_2784.jpg,"একটি খেলনা প্লাস্টিক দিয়ে মোড়ানো ।,
 একটি খেলনা আছে ।,
 একটি পানির বোতল আছে ।",ছবিতে প্লাস্টিক দিয়ে ঢাকা কোন জিনিসটি দেখা যাচ্ছে?,খেলনা বাইক,Misc,"A toy wrapped in plastic, a toy, a water bottle",What is in the picture covered with plastic?,toy bike
chitron_2048.png,পেছনের ব্যাকগ্রাউন্ডে মিনা কার্টুনের ছবি আর তার সামনে চারটা বাচ্চা মেয়ে লাল-সবুজ শাড়ি পড়ে নাচছে।,পেছনের ব্যাকগ্রাউন্ডে কোন কার্টুন চরিত্রের ছবি আছে?,মিনা কার্টুন,Misc,"In the background, Meena cartoon images and in front of her four young girls danced in red-green sari",Any cartoon characters on the background?,Mina Cartoon
bornon_2024.jpg,"নির্মাণাধীন দালানের ছাদে কিছু কাঠের তক্তা আছে ।,
 আকাশের নিচে কিছু দালান আছে ।,
 আকাশের নিচে অনেকগুলো গাছপালা আছে ।",ছবিতে কোন পর্যায়ের দালান চিত্রিত হয়েছে?,নির্মাণাধীন,Human,"There are some wooden planks on the roof of the building, some buildings under the sky, some trees under the sky",What level of building is depicted in the picture?,Under construction
chitron_6089.png,'নৌকা থেকে পানিতে জাল ছুড়ে ফেলছেন ১ জন পুরুষ।,ছবির ব্যক্তি কোন কাজ করছেন?,জাল ছুঁড়ছেন,Object,A man throws nets from the boat into the water,What is the person in the picture doing?,throwing nets
bornon_762.jpg,"একটি ছাদে কয়েকজন মানুষ বারবিকিউ করছে ।,
 একটি বাড়ির ছাদ দৃশ্যমান ।,
 একটি ছাদে কয়েকজন মানুষ কাজ করছে ।",ছবিতে কোন স্থানে মানুষজন কী করছে?,ছাদে বারবিকিউ,Misc,"Some people barbecuing on a roof, a roof of a house visible, some people working on a roof",What are people doing in the picture?,roof barbecue
bornon_3136.jpg,"পুকুরে বেগুনি বর্ণের শাপলা ফুল রয়েছে ।,
 পুকুরে কিছু ফুল রয়েছে ।,
 পুকুরে শাপলা ফুল রয়েছে ।",পুকুরে কোন রঙের শাপলা ফুল দেখা যাচ্ছে?,বেগুনি,Color,"In the pond, there are purple flowers. In the pond, there are some flowers. In the pond, there are some flowers",What colour of Shapla is seen in the pond?,purple
bornon_3327.jpg,"পাখিটির চোখ কমলা ও কালো রঙের ।,
 পাখিটি কালো রঙের ।,
 পাখিটির ঠোট কমলা রঙের ।",পাখিটির চোখের রঙ কি?,কমলা ও কালো,Color,The bird has orange eyes and black colours; the bird has black colours; the bird has orange lips,What is the color of the bird's eyes?,orange and black
chitron_3177.png,'একজন লাল শার্ট কালো প্যান্ট টুপি পরা ছেলে হাতে একটি কাগজ নিয়ে দাড়িয়ে আছে একটি রাস্তার পাশে।,ছেলেটির পরনে কী রঙের শার্ট রয়েছে?,লাল শার্ট,Color,"A boy wearing a red shirt, black pant hat, standing by a roadside with a paper",What color is the boy wearing?,red shirt
bnature_864.jpg,"একটি ক্লাস রুমে শিক্ষার্থীরা বসে আছে, মাঝখানে দাড়িয়ে একজন ম্যাডাম হাতে বই নিয়ে তাদের পড়াচ্ছে।,
 হাতে বই নিয়ে দাড়িয়ে একজন শিক্ষিকা ক্লাসে পড়াচ্ছেন।,
 সবুজ উনিফরম পরা একজন মহিলা একটি ক্লাস এ পড়াচ্ছে যাতে অনেকগুলো ছেলে মেয়ে দুই সারিতে বসে আছে।",ক্লাসরুমে শিক্ষিকার পরনে কি রঙের শাড়ি আছে?,সবুজ,Color,"Students are sitting in a class room, a madam standing in the middle teaching them with books, a teacher standing in the middle teaching the class, a woman wearing green uniform teaching a class with many children sitting in two rows",What color is the teacher wearing in the classroom?,green
bornon_439.jpg,"স্যান্ডউইচের পাশে লাল বাটিতে কিছু খাবার দেখা যাচ্ছে ।,
 কাগজের উপরে স্যান্ডউইচ দেখা যাচ্ছে ।,
 স্যান্ডউইচের পাশে একটি লাল বাটি দেখা যাচ্ছে ।",স্যান্ডউইচের পাশে কোন রঙের বাটি রয়েছে?,লাল,Color,"A red bowl showing some food beside the sandwich., a sandwich on paper., a red bowl beside the sandwich",What color bowl is next to the sandwich?,red
bornon_3307.jpg,"ফুলটির চারিপাশে সবুজ পাতা দেখা যাচ্ছে ।,
 ফুলটি সাদা রঙের ।,
 একটি ফুল দেখা যাচ্ছে ।",ছবিতে দেখা ফুলটির রঙ কি?,সাদা,Color,The flower is surrounded by green leaves. The flower is white,What is the color of the flower in the picture?,white
chitron_2027.png,লাল জামা পড়া একটা ছোট শিশু উল্টিয়ে পালটিয়ে দেখছে আর বইয়ের দিকে তাকিয়ে আছে।,ছোট শিশুটির জামার রং কি?,লাল,Color,A little child in a red dress looks around and looks at a book,What is the color of the little child's clothes?,red
bornon_1070.jpg,"লাল রং এর খাবারের টেবিল এর সামনে দুই জন মেয়ে দারিয়ে আছে ।,
 একটি লাল টেবিল আছে ।,
 দুই জন মেয়ে একটি লাল টেবিল এর সামনে দারিয়ে আছে ।",ছবির দুই জন মেয়ে কোন রংয়ের টেবিলের সামনে দাঁড়িয়ে আছে?,লাল,Color,Two girls standing in front of a red dining table,What color table are the two girls in the picture standing before?,red
bnature_412.jpg,"লাল রঙের ছাউনির নিচে তিনটি রাস্তা একসাথে মিলেছে।,
 তিনটি পাহাড়ি রাস্তা একসাথে মিশেছে ।,
 পাহাড়ের পাশে তিনটি রাস্তা একসাথে মিশেছে।",ছবিতে দেখানো ছাউনির কী রঙ?,লাল,Color,"Three roads meet under a red shed, three hill roads meet, three roads meet by hillsides",What color is the sheet shown in the picture?,red
chitron_1097.png,'একজন ছোট মেয়ে মাথায় কাপড় দিয়ে তাকিয়ে আছে।,ছোট মেয়েটির মাথায় কি রঙের কাপড় রয়েছে?,নীল ও কালো,Color,A little girl looking with a head covering,What color is the little girl wearing on her head?,blue and black
chitron_3154.png,'লাল সাদা শাড়ি পরা ৫ জন মেয়ে নাচছে একটি মঞ্চে এবং তাদের পিছনে কিছু ছেলেমেয়ে সেজে দাড়িয়ে আছে।,মঞ্চে নাচতে থাকা মেয়েদের শাড়ির রঙ কী?,লাল সাদা,Color,Five girls wearing red and white sari are dancing on a stage and behind them are some children,What is the color of the sarees of dancers on stage?,red and white
chitron_8088.png,'গোলাপি শাড়ি পরা একজন মহিলা ঝুড়িতে লাল মরিচ তুলছে।,ছবিতে থাকা মহিলার শাড়ির রঙ কি?,গোলাপি,Color,A woman in a pink sari is picking red pepper in a basket,What color is the sari of the woman in the picture?,pink
chitron_4227.png,"জলাশয়, দুটি হাত ও অনেকগুলো কাগজের টুকরা দেখা যাচ্ছে।",ছবিতে দেখা যাওয়া কাগজগুলোর রঙ কি?,নীল ও সাদা,Color,"Water bodies, two hands and many pieces of paper are seen",What is the color of the papers in the picture?,blue and white
bnature_1319.jpg,"দুজন সাদা কাপড় পরা বাচ্চা বসে অন্য দিকে চেয়ে থেকে হাসছে।,
 দুইটি শিশু বসে হাসছে।,
 দুইটি শিশু সাদা জামা পড়ে বসে হাসছে।",শিশুদের পরনে কি রঙের জামা?,সাদা,Color,"Two children in white clothes sitting and laughing, two children sitting and laughing, two children sitting in white clothes smiling",What color are the children wearing?,white
chitron_1271.png,'একজন ছছেলে মাথায় গোল টুপি গেঞ্জি পরে মুখে রং মেখে দাড়িয়ে আছে।,ছেলেটির মাথায় কি ধরণের টুপি আছে?,গোল টুপি,Cloth,A six-year-old was standing in a round cap on his head and wearing a jersey with colour on his face,What kind of hat is this kid wearing?,round cap
bornon_306.jpg,"একটি জঙ্গলে পুকুর এবং অসংখ্য গাছপালা দেখা যাচ্ছে ।,
 একটি পুকুর দেখা যাচ্ছে ।,
 অসংখ্য গাছপালা দেখা যাচ্ছে ।",ছবিটিতে কী ধরনের প্রাকৃতিক দৃশ্য দেখা যাচ্ছে?,জঙ্গল ও পুকুর,Place,"A pond in the jungle and numerous trees., a pond., numerous trees",What kind of landscape is shown in the picture?,Jungle and pond
bnature_738.jpg,"একটি মহিলার কাঁধে একটি শিশু চোখ খুলে তাকিয়ে আছে ও শিশুটির পরনে উলের কাপড়।,
 একটি শিশু তাকিয়ে আছে।,
 একটি ছোট শিশু তাকিয়ে আছে।",শিশুটির পরনে কি ধরনের কাপড় রয়েছে?,উলের কাপড়,Cloth,"A child opens his eyes on the shoulder of a woman wearing wool, a child looks, a child looks",What kind of clothes are the children wearing?,wool
bnature_498.jpg,"আশে পাশের গাছে ঘেরা একটি অগভির জলাশয়।,
 জলাশয়ের চারপাশ জঙ্গলে ঘেরা।,
 জলাশয়ের দুইপাশ সবুজ গাছে ভরা।",জলাশয়টি কী দ্বারা ঘেরা আছে?,গাছ,Plant,"It is surrounded by trees, surrounded by jungle, with green trees on both sides",What surrounds the pond?,plants
chitron_657.png,'একটি বাচ্চা ছেলের মুখে ধুলা মাখা।,ছেলেটির মুখে কী মাখা আছে?,ধুলা,Misc,Make dust on the face of a child,What's on the boy's face?,dust
chitron_7197.png,'একটি বাজারে কিছু ক্রেতা বিক্রেতা।,ছবিতে দেখা বাজারের ভেতরে মূলত কী বিক্রি হচ্ছে?,শুটকি মাছ,Human,In a market some buyers and sellers,What is basically being sold inside the market?,dried fish
chitron_6588.png,'হাতে চাপাতি নিয়ে সামনে কেক নিয়ে দাড়িয়ে আছেন কয়েকজন ছেলে।,ছবিতে কে চাপাতি ধরে আছে?,মাঝখানের ছেলে,Human,Some boys are standing in front of the cake with machetes in their hands,Who holds a machete in the picture?,middle boy
chitron_800.png,'একজন পুরুষ মানুষের মাথাই গামছা।,ছবিতে ওই ব্যক্তির মাথায় কী জিনিস আছে?,গামছা,Cloth,A man's head is a gamchha,What is on the man's head in the picture?,gloves
bornon_900.jpg,"একটি স্মৃতি ভাস্কর্য বিদ্যমান ।,
 একটি স্থাপনা রয়েছে ।,
 একটি পুরাতন স্থাপনা রয়েছে ।",ছবিতে দেখা অদ্ভুত আকৃতির স্থাপনাটি কি?,স্মৃতি ভাস্কর্য,Misc,"A memorial sculpture exists, an establishment, an old establishment",What is the strange structure seen in the picture?,memorial sculpture
chitron_444.png,'লাল সাদা শারি পরে ৬ টি মেয়ে দারিয়ে আছে আর তাদের পেছনে আরও মানুষ হেঁটে আসছে।,ছবিতে মেয়েরা কিসের ঢাল ধরে আছে?,বাংলা হরফ,Misc,Six girls wearing red and white shirts are standing behind them and more people are walking,What shield are the girls holding?,Bengali character
bornon_1389.jpg,"একটি কুকুর গলায় কমলা বেল্ট পড়ে আছে ।,
 একটি কুকুর বসে আছে ।,
 একটি কুকুর গলায় বেল্ট পড়ে আছে ।",কুকুরটির গলায় কি ধরনের বেল্ট পরা আছে?,কমলা বেল্ট,Color,"A dog wearing an orange belt on the neck., a dog sitting., a dog wearing a belt on the neck",What kind of belt is on the dog's neck?,orange belt
bnature_525.jpg,"পাহাড়ের প্রতিছবি ভেসে উথের হৃদের জলে।,
 পাহাড়ে ঘেরা একটি হ্রদ।,
 হৃদের পাশে জনবসতি রয়েছে।",ছবিতে থাকা হৃদটি কীসের দ্বারা ঘেরা?,পাহাড়ে,Place,"Mountain images float on the waters of the Lake Uther, a lake surrounded by mountains",What surrounds the lake in the picture?,mountains
bornon_3077.jpg,"একটি ফুলের সবুজ কুড়ি দেখা যাচ্ছে ।,
 কিছু ফুলের কুড়ি আছে ।,
 গাছে ফুলের কুঁড়ি জন্মেছে ।",গাছের উপরে কি দেখা যাচ্ছে?,ফুলের কুড়ি,Plant,A flower green twig. There are some flower twigs,What's on the tree?,blossoms
chitron_6649.png,'ফেরি ঘাটে কিছু মানুষ দাড়িয়ে আছেন এবং ফেরিতে উঠছেন।,ফেরি ঘাটটি কি জলাভূমির উপরে অবস্থিত?,হ্যাঁ,Misc,Some people are standing at the ferry ghat and getting on the ferry,Is the ferry ghat on the wetland?,Yeah.
chitron_6071.png,'একজন মেয়ে একজন ঘুমন্ত শিশুকে কোলে নিয়ে বসে আছেন।,ছবিটিতে মেয়েটি শিশুকে কি করে ধরে রেখেছে?,কোলে নিয়ে,Misc,A woman sits in her arms with a sleeping baby,How is the girl holding the child in the picture?,in his arms
bornon_372.jpg,"একটি টেবিলে একটি প্লেটে আস্ত একটি মুরগীর রোস্ট দেখা যাচ্ছে ।,
 আস্ত একটি মুরগীর রোস্ট দেখা যাচ্ছে ।,
 একটি প্লেটে সুস্বাদু মুরগীর রোস্ট দেখা যাচ্ছে ।",ছবিতে কী ধরনের খাবার দেখা যাচ্ছে?,মুরগীর রোস্ট,Animal,"A table shows a whole chicken roast., a whole chicken roast., a delicious chicken roast",What kind of food is shown in the picture?,chicken roast
chitron_2953.png,'একজন পুরুষ ক্যামেরা দিয়ে ছবি তুলছে যাকে অন্ধকার দেখাচ্ছে।,এই ছবিতে পুরুষটি কি দিয়ে ছবি তুলছে?,ক্যামেরা,Object,A man taking a photo with a camera looking dark,What's the man doing in this picture?,Camera
bnature_1841.jpg,"একজন মানুষ মাটির রাস্তায় সাইকেল চালিয়ে যাচ্ছে।,
 একটি লোক রাস্তা দিয়ে সাইকেল নিয়ে যাচ্ছে।,
 একটি লোক মাটির রাস্তায় সাইকেল চালিয়ে যাচ্ছে।",ছবিতে মানুষটি কিসের উপর চলছে?,মাটির রাস্তা,Human,"A man riding a bike on a mud road, a man riding a bike on a mud road, a man riding a bike on a mud road",What is the man on the picture?,mud road
bornon_812.jpg,"পাহাড়ের নিচে সুন্দর কিছু কুঠুরি দেখা যাচ্ছে ।,
 ঘন গাছপালা দেখা যাচ্ছে ।,
 পাহাড়ের নিচে রাস্তা দেখা যাচ্ছে ।",পাহাড়ের নিচে কি দেখা যাচ্ছে?,"কুঠুরি, রাস্তা",Misc,"Beneath the hill there are beautiful cells, dense trees, roads beneath the hill",What's below the mountain?,"Cells, streets"
chitron_3476.png,'একটি বিল্ডিং এর পাশ দিয়ে নৌকা দিয়ে যাচ্ছে অনেক মানুষ।,ছবিতে কি ধরনের নৌকা দেখা যাচ্ছে?,যাত্রী নৌকা,Vehicle,Many people are passing by boats beside a building,What kind of boat is shown in the picture?,passenger boat
chitron_8326.png,'একজন লোক একটা বাচ্চাকে ঘাড়ে করে নিয়ে দাঁড়িয়ে আছে।,বাচ্চাটি এই ছবিতে কার ঘাড়ে দাঁড়িয়ে আছে?,পুরুষের,Human,A man is standing with a child on his shoulder,Whose shoulder is the child standing in this picture?,male
chitron_6354.png,'কয়েকটি বক্স যার ২ টিতে ২ জন পুরুষ শুয়ে ঘুমিয়ে আছেন।,এই বক্সগুলির কয়টিতে মানুষ শুয়ে আছে?,দুই,Number,Several boxes in which two men are lying and sleeping,How many of these boxes have people lying?,Two
chitron_6315.png,'একজন পুরুষ বসে একটি নৌকা চালাচ্ছেন।,ছবিতে ব্যক্তিটি কী চালাচ্ছেন?,নৌকা,Vehicle,A man is sitting and riding a boat,What is the man running in the picture?,boat
chitron_8347.png,"'নদীর ঘাটে নৌকা থেকে নেমে অনেক মানুষ বস্তা, ব্যাগ হাতে হেঁটে যাচ্ছে।",ছবিতে মানুষগুলো কি থেকে নেমেছে?,নৌকা থেকে,Vehicle,A lot of people are walking out of boats and carrying bags,Did the people get down from the picture?,from boat
chitron_7901.png,'রেলিং ধরে একজন বাচ্চা ছেলে দাড়িয়ে আছে হাসি মুখে।,ছেলেটি কিসের উপর হাত রেখেছে?,রেলিং,Misc,There is a little boy standing on the railing with a smile,What is the boy putting his hands on?,railing
chitron_6757.png,'একজন বুড়ো পুরুষ দাঁত বের করে তাকিয়ে আছেন।,বুড়ো পুরুষটির দাঁত কি দৃশ্যমান?,দৃশ্যমান,Human,An old man looking at me with his teeth,Is the old man's teeth visible?,visible
chitron_1290.png,'একজন মেয়ে ক্যামেরা দিয়ে ছবি তুলছে এবং পিছনে ৩ টি ছেলে গল্প করছে।,ছবিতে মেয়েটি কি দিয়ে ছবি তুলছে?,ক্যামেরা,Object,A girl is taking pictures with the camera and three boys are talking in the back,What is the girl taking picture with?,Camera
bornon_2342.jpg,"অনেক রঙ বেরঙ্গের খাবার আছে ।,
 অনেক খাবার আছে ।,
 সুশি সাজানো আছে ।",ছবিতে প্রদর্শিত সাজানো খাবারের নাম কি?,সুশি,Misc,"There's a lot of colourful food, there's a lot of food, there's a lot of sushi arranged",What is the name of the dishes shown in the picture?,sushi
chitron_1428.png,'৪ জন রাস্তা দিয়ে হেটে আসছে যার মাঝে ১ জন ছেলে বাচ্চা ৩ জন মেয়ে বাচ্চা যাদের হাতে বই।,বাচ্চাদের হাতে কি আছে?,বই,Object,"Four children walking on the street, one boy, three girls with books in their hands",What's in the children's hands?,Book
bornon_1038.jpg,"একটি পাহাড় রয়েছে যার পাশে গাছের পাতা আছে এবং যেখান থেকে পানি পড়ছে ।,
 ঝর্ণার পাশে অনেক পাতা আছে ।,
 একটি পাহাড় রয়েছে যেখান দিয়ে ঝর্ণা পড়ছে ।",ছবিতে পাহাড়ের পাশে কি দেখা যাচ্ছে?,গাছের পাতা,Plant,There is a hill with tree leaves and water falling from it. There are many leaves beside the fountain,What is on the hillside?,leaf
chitron_4338.png,একজন পুরুষ একটি শিশু কোলে নিয়ে দাড়িয়ে আছে। পাশে একজন নারী ও একজন পুরুষ দাড়িয়ে আছে।,শিশুটি কার কোলে রয়েছে?,পুরুষের,Human,"A man holding a child in his arms, a woman and a man standing next to him",Whose lap is the baby?,male
chitron_6639.png,'পানির এবং একটি সেতুর সাথে পানিতে জাল বাধা আছে এবং রাস্তা দিয়ে মানুষ হেটে যাচ্ছে।,ছবিতে দেখা সেতুটি কিসের ওপর নির্মিত?,পানির ওপর,Food,There are water and nets tied to a bridge and people walking on the road,What is the bridge seen in the picture built on?,on water
bornon_3281.jpg,"লোকটি কোদাল দিয়ে মাটির দলা ভাঙ্গছেন ।,
 একটি ক্ষেত দেখা যাচ্ছে ।,
 লোকটির হাতে একটি কোদাল রয়েছে ।",লোকটি কি দিয়ে মাটি ভাঙ্গছেন?,কোদাল,Misc,The man is breaking clay with a spade. A field is seen. The man is holding a spade,What is the man breaking the ground?,spade
chitron_8283.png,'উপরে মেঘলা আকাশ আর নিচে একজন লোক একটা ব্রিজের উপর দাঁড়িয়ে আছে।,ছবিতে দেখা ব্রিজটির উপরে কি ধরনের আবহাওয়া দেখা যাচ্ছে?,মেঘলা,Weather,The sky is clouded above and a man is standing on a bridge,What kind of weather is seen on the top of the bridge?,cloudy
bornon_3819.jpg,"শ্যাওলাপূর্ণ একটি বিলে একটি নৌকা দেখা যাচ্ছে ।,
 বিলে অনেক শ্যাওলা আছে ।,
 শ্যাওলাপূর্ণ বিলে একটি নৌকা আছে ।",বিলের পানিতে কি প্রাণঘাতী জমে আছে?,শ্যাওলা,Misc,A boat is seen in a marshy beel. There are many marshy beels. There is a boat in a marshy beel,Is the water of the beel deadly?,lichens
chitron_6647.png,'একজন ছেলে হাতে গীটার নিয়ে দাড়িয়ে আছেন এবং উপরে আকাশ দেখা যায়।,ছবিটিতে আকাশ কীভাবে দেখা যাচ্ছে?,মেঘলা,Weather,A boy standing with a guitar in his hand and the sky can be seen above,How is the sky visible in this picture?,cloudy
chitron_5799.png,'একজন পুরুষ টুপি পাঞ্জাবী রোমাল পরে  দাড়িয়ে আছেন।,এই ব্যক্তির মাথায় কি ধরনের টুপি রয়েছে?,টুপি,Cloth,A man standing in a punjabi romal wearing a hat,What kind of hat is this man wearing?,hat
